<?xml version="1.0" encoding="UTF-8" standalone="yes"?><ns2:repositories xmlns:ns2="http://www.backbase.com/content/model/1.0"><ns2:repository><ns2:repositoryId>ccd0e001-44e5-4387-9424-5867b3c86018</ns2:repositoryId><ns2:name>ccd0e001-44e5-4387-9424-5867b3c86018</ns2:name><ns2:description>Repository for portal retail-demo</ns2:description><ns2:vendorName>Backbase</ns2:vendorName><ns2:productName>Backbase Content Repository</ns2:productName><ns2:productVersion>0.1</ns2:productVersion></ns2:repository></ns2:repositories>