<?xml version="1.0" encoding="UTF-8"?>
<catalog>
    <widget>
        <name>HelloWorldWidget</name>
        <contextItemName>[BBHOST]</contextItemName>
        <properties>
            <property label="Title" name="title" viewHint="text-input,admin">
                <value type="string">HelloWorldWidget</value>
            </property>
            <property name="TemplateName">
                <value type="string">Standard_Widget</value>
            </property>
            <property name="src">
                <value type="string">$(itemRoot)/index.html</value>
            </property>
            <property name="thumbnailUrl">
                <value type="string">$(itemRoot)/icon.png</value>
            </property>
            <property name="order">
                <value type="double">0</value>
            </property>
            <property name="area">
                <value type="string">0</value>
            </property>
            <property label="Accounts Data Source" name="accountsDataSrc" viewHint="text-input,admin,designModeOnly">
                <value type="string">$(servicesPath)/services/rest/v1/customer-assets</value>
            </property>
            <property name="area">
                <value type="string"/>
            </property>
            <property label="Groups Data Source" name="groupsDataSrc" viewHint="text-input,admin,designModeOnly">
                <value type="string">$(itemRoot)/mocks/messages.json</value>
            </property>
        </properties>
    </widget>
</catalog>

