<?xml version="1.0" encoding="UTF-8"?>
<catalog>
    <widget>
        <name>Navigation Widget</name>
        <contextItemName>[BBHOST]</contextItemName>
        <properties>
            <property label="Title" name="title" viewHint="text-input,admin">
                <value type="string">Navigation Widget</value>
            </property>
            <property name="TemplateName">
                <value type="string">Standard_Widget</value>
            </property>
            <property name="src">
                <value type="string">$(itemRoot)/index.html</value>
            </property>
            <property name="thumbnailUrl">
                <value type="string">$(itemRoot)/icon.png</value>
            </property>
            <property name="order">
                <value type="double">0</value>
            </property>
            <property name="area">
                <value type="string">0</value>
            </property>

        </properties>
    </widget>
</catalog>

