{
  "name": "base",
  "version": "2.9.4",
  "authors": [
    "dragosh <dragos@backbase.com>"
  ],
  "description": "Base library for creating Launchpad components/widgets/modules",
  "main": "./scripts/main.js",
  "moduleType": [
    "umd"
  ],
  "keywords": [
    "launchpad",
    "base",
    "foundation"
  ],
  "private": true,
  "ignore": [
    "**/.*",
    "bower_components",
    "node_modules"
  ],
  "dependencies": {
    "angular": "~1.2.28",
    "lodash": "~3.10.1",
    "jquery": "~2.1.3"
  },
  "devDependencies": {
    "config": "^3.0.0",
    "angular-mocks": "~1.2.28"
  },
  "_source": "base",
  "_target": "2.9.4",
  "_release": "2.9.4",
  "_originalSource": "base"
}