{
  "name": "container-deck",
  "version": "1.1.2",
  "description": "Generic container for holding several panels which can be shown one at a time.",
  "main": "./scripts/deck-container.js",
  "moduleType": [
    "umd"
  ],
  "ignore": [
    "**/.*",
    "bower_components",
    "node_modules"
  ],
  "private": true,
  "dependencies": {
    "container-panel": "^1.0.0",
    "template-deck": "^1.0.0"
  },
  "devDependencies": {},
  "_source": "container-deck",
  "_target": "1.1.2",
  "_release": "1.1.2",
  "_originalSource": "container-deck"
}