{
  "name": "page-launchpad-base",
  "version": "1.0.4",
  "authors": [
    "Dmitry Smirnov <dmitry@backbase.com>"
  ],
  "description": "Launchpad page item",
  "keywords": [
    "template"
  ],
  "private": true,
  "ignore": [
    "**/.*",
    "node_modules",
    "bower_components",
    "test",
    "tests"
  ],
  "dependencies": {
    "template-launchpad-page": "^1.0.0"
  },
  "devDependencies": {},
  "_source": "page-launchpad-base",
  "_target": "1.0.4",
  "_release": "1.0.4",
  "_originalSource": "page-launchpad-base"
}