{
  "name": "container-panel",
  "version": "1.0.3",
  "description": "Generic empty panel which can be added to a Deck Container as a child.",
  "main": "./scripts/page-layout.js",
  "moduleType": [
    "umd"
  ],
  "ignore": [
    "**/.*",
    "bower_components",
    "node_modules"
  ],
  "private": true,
  "dependencies": {
    "template-panel": "^1.0.0"
  },
  "devDependencies": {},
  "_source": "container-panel",
  "_target": "1.0.3",
  "_release": "1.0.3",
  "_originalSource": "container-panel"
}