<?xml version="1.0" encoding="UTF-8" standalone="yes"?>
<catalog>
  <container>
    <name>panel-container</name>
    <contextItemName>[BBHOST]</contextItemName>
    <properties>
      <property name="viewNamespace">
        <value type="string">launchpad</value>
      </property>
      <property name="TemplateName">
        <value type="string">PanelContainer</value>
      </property>
      <property name="config">
        <value type="string">$(itemRoot)/config.xml</value>
      </property>
      <property name="thumbnailUrl">
        <value type="string">$(itemRoot)/icon.png</value>
      </property>
      <property name="title" label="Title" viewHint="text-input,designModeOnly,user">
        <value type="string">Panel Container</value>
      </property>
      <property name="csr">
        <value type="boolean">false</value>
      </property>
      <property name="Description">
        <value type="string">Generic empty panel which can be added to a Deck Container as a child.</value>
      </property>
      <property label="Version" name="version" viewHint="text-input,admin,designModeOnly">
        <value type="string">1.0.3</value>
      </property>
    </properties>
    <tags>
      <tag type="regular">container</tag>
    </tags>
  </container>
</catalog>