{
  "statusCode": 200,
  "success": true,
  "payload": [
    {
      "accountNumber": "BE08860110466713",
      "accountType": "30",
      "accountName": "Pakketrekening",
      "accountHolder": "VAN DER KELEN F. - MERTENS D",
      "secondaryName": "",
      "currency": "EUR",
      "balance": 0,
      "availableAmount": 0,
      "excluded": false,
      "favorite": true,
      "issuerTransferAllowed": true,
      "externalTransferAllowed": true
    },
    {
      "accountNumber": "BE83860110466915",
      "accountType": "30",
      "accountName": "Pakketrekening",
      "accountHolder": "Van Der Kelen Frank",
      "secondaryName": "",
      "currency": "EUR",
      "balance": 241.35,
      "availableAmount": 241.35,
      "excluded": false,
      "favorite": true,
      "issuerTransferAllowed": true,
      "externalTransferAllowed": true
    },
    {
      "accountNumber": "BE17104358247521",
      "accountType": "32",
      "accountName": "Crelan Direct boekje",
      "accountHolder": "VAN DER KELEN F. - MERTENS D",
      "secondaryName": "",
      "currency": "EUR",
      "balance": 28511.97,
      "availableAmount": 28011.97,
      "excluded": false,
      "favorite": false,
      "issuerTransferAllowed": true,
      "externalTransferAllowed": false
    },
    {
      "accountNumber": "BE03104362133884",
      "accountType": "32",
      "accountName": "Crelan spaarboekje",
      "accountHolder": "Van Der Kelen Lawrence",
      "secondaryName": "",
      "currency": "EUR",
      "balance": 3839.46,
      "availableAmount": 3839.46,
      "excluded": false,
      "favorite": false,
      "issuerTransferAllowed": true,
      "externalTransferAllowed": false
    },
    {
      "accountNumber": "BE87104366771494",
      "accountType": "32",
      "accountName": "Crelan spaarboekje",
      "accountHolder": "VAN DER KELEN F. - MERTENS D",
      "secondaryName": "ELIZE",
      "currency": "EUR",
      "balance": 3710.82,
      "availableAmount": 3710.82,
      "excluded": true,
      "favorite": false,
      "issuerTransferAllowed": true,
      "externalTransferAllowed": false
    },
    {
      "accountNumber": "BE27863723276573",
      "accountType": "32",
      "accountName": "Crelan Horizon boekje",
      "accountHolder": "Mertens Dorien",
      "secondaryName": "",
      "currency": "EUR",
      "balance": 10864.09,
      "availableAmount": 10864.09,
      "excluded": false,
      "favorite": false,
      "issuerTransferAllowed": true,
      "externalTransferAllowed": false
    },
    {
      "accountNumber": "BE82863724042368",
      "accountType": "32",
      "accountName": "Crelan spaarboekje",
      "accountHolder": "Van Der Kelen Alexander",
      "secondaryName": "",
      "currency": "EUR",
      "balance": 7314.57,
      "availableAmount": 7314.57,
      "excluded": false,
      "favorite": false,
      "issuerTransferAllowed": true,
      "externalTransferAllowed": false
    }
  ]
}