<?xml version="1.0" encoding="UTF-8"?>
<catalog>
    <widget>
        <name>widget-accounts</name>
        <contextItemName>[BBHOST]</contextItemName>
        <properties>
            <property name="Description">
                <value type="String"/>
            </property>
            <property name="TemplateName">
                <value type="string">Standard_Widget</value>
            </property>
            <property label="Accounts Data Source" name="accountsDataSrc" viewHint="text-input,admin,designModeOnly">
                <value type="string">$(servicesPath)/services/rest/v1/customer-assets</value>
            </property>
            <property name="area">
                <value type="string"/>
            </property>
            <property label="Default balance" name="defaultBalance" viewHint="select-one,admin,designModeOnly">
                <value type="string">current</value>
            </property>
            <property label="Widget layout" name="widgetLayout" viewHint="select-one,admin,designModeOnly">
                <value type="string">default</value>
            </property>
            <property label="Groups Data Source" name="groupsDataSrc" viewHint="text-input,admin,designModeOnly">
                <value type="string">$(itemRoot)/data/groups.json</value>
            </property>
            <property label="Icon" name="icon" viewHint="text-input,admin,designModeOnly">
                <value type="string">accounts</value>
            </property>
            <property label="Locale" name="locale">
                <value type="string">en</value>
            </property>
            <property name="order">
                <value type="double">0</value>
            </property>
            <property label="Show Groups Total" name="showGroupTotals" viewHint="checkbox,admin,designModeOnly">
                <value type="boolean">false</value>
            </property>
            <property label="Show Groups" name="showGroups" viewHint="checkbox,admin,designModeOnly">
                <value type="boolean">true</value>
            </property>
            <property label="Group by internal and external" name="groupByInternalExternal" viewHint="checkbox,admin,designModeOnly">
                <value type="boolean">false</value>
            </property>
            <property label="Show All Finances Option" name="showAllFinances" viewHint="checkbox,admin,designModeOnly">
                <value type="boolean">false</value>
            </property>
            <property name="src">
                <value type="string">$(itemRoot)/index.html</value>
            </property>
            <property name="thumbnailUrl">
                <value type="string">$(itemRoot)/icon.png</value>
            </property>
            <property label="Title" name="title" viewHint="text-input,admin,designModeOnly">
                <value type="string">Accounts</value>
            </property>
            <property label="Widget Chrome" name="widgetChrome" viewHint="select-one,admin,designModeOnly">
                <value type="string">$(contextRoot)/static/features/[BBHOST]/chromes/blank/chrome-blank.html</value>
            </property>
        </properties>
        <tags>
            <tag manageable="true" type="regular">accounts</tag>
            <tag manageable="true" type="regular">retail-banking</tag>
            <tag manageable="true" type="section">banking</tag>
            <tag manageable="true" type="behavior">accounts</tag>
        </tags>
    </widget>
</catalog>
