{
  "name": "container-launcher",
  "version": "1.2.1",
  "description": "Container including tab navigation through the panels inside.",
  "main": "./scripts/launcher-deck-container.js",
  "moduleType": [
    "umd"
  ],
  "ignore": [
    "**/.*",
    "bower_components",
    "node_modules"
  ],
  "private": true,
  "dependencies": {
    "container-deck": "^1.1.0",
    "template-launcher": "^1.1.0"
  },
  "devDependencies": {},
  "_source": "container-launcher",
  "_target": "1.2.1",
  "_release": "1.2.1",
  "_originalSource": "container-launcher"
}